id;nombre;apellido;documento;email
1;yahoo forenenst but;chilly;unexpectedly;Matilde50@yahoo.com
2;ornery;behind;meadow reward clean;Caridad.VallesLugo@yahoo.com
3;mosh;delicious;pfft brilliant;Juana_CadenaTejada@gmail.com
4;factorise;aching boohoo helpful;oh riser;Marta.GomezGarcia51@yahoo.com
5;softly;repentant grouper;gadzooks dissemble;Roser.JuradoRamirez@hotmail.com
6;across;meh internalise;as;Raul.MaldonadoRico@hotmail.com
7;or;customise inasmuch following;than hoof major;LuisMiguel54@gmail.com
8;total assail whup;fooey ocelot;memorise;JorgeLuis.EstradaCotto24@gmail.com
9;ick qua portray;muddy yahoo geez;runny;Gustavo36@gmail.com
10;masterpiece upon;near mortar;whether;Rosario.NavarreteNava@yahoo.com
